model,roc_auc,average_precision
logistic,0.9708573373778323,0.7183145959741447
lightgbm,0.9691164310406211,0.8373229548863518
xgboost,0.9760804152837275,0.853813135891385
